Land-ID,Version,Flagge,Name,Generieren,ShapeId,Hinweistext,Tmp 1,Tmp 2,Signatur,Clustergröße,Rechtwinklig?,Rahmen?,Gösch?,Dreieck von links?,Die Dreiecksform(en) bestehen aus wie vielen Farben?,Hintergrundtyp,W-Streifen,3W,5W,S-Streifen,S-Anordnung,Kreuzausrichtung,Kreuzarme,Diagonal Richtung,Diagonal Anzahl Streifen,SW Streifen,Spezial,Hintergrundfarben,E1,E1 Position,E1 Farbe,E1 Anzahl,E2,E2 Position,E2 Farbe,E2 Anzahl,E3,E3 Position,E3 Farbe,E3 Anzahl,E4,E4 Position,E4 Farbe,E4 Anzahl,Gösch Farbe,Dreieck Farbe,Rahmen Farbe,Emblem,,
1,,,Abchasien,1,middle|3434|951,,,,1|0|1|0|x|0|7|x|x|x|x|x|x|x|x|x|x,1,1,0,1,0,x,0,7,x,x,x,x,x,x,x,x,x,x,Grün|Weiß|Grün|Weiß|Grün|Weiß|Grün,Hand,0,Weiß,x,Stern,0,Weiß,7,x,x,x,x,x,x,x,x,Rot,x,x,,,
2,,,Afghanistan,1,,,,,1|0|0|0|x|1|x|x|x|3|0|x|x|x|x|x|x,20,1,0,0,0,x,1,x,x,x,3,0,x,x,x,x,x,x,Schwarz|Rot|Grün,Emblem,4,&Weiß,x,x,x,x,x,x,x,x,x,x,x,x,x,x,x,x,Betnische| Moschee| Ährenkranz| Kanzel| Gebetsnische| Schahada| Name des Landes| Jahreszahl| Sonnenstrahlen,,
2,2,,Afghanistan,1,,International nicht anerkannte Flagge seit 2021,,,1|0|0|0|x|4|x|x|x|x|x|x|x|x|x|x|x,24,1,0,0,0,x,4,x,x,x,x,x,x,x,x,x,x,x,Weiß,Schrift,4,Schwarz,x,x,x,x,x,x,x,x,x,x,x,x,x,x,x,x,,,
3,,,Ägypten,1,,,,,1|0|0|0|x|0|3|0|x|x|x|x|x|x|x|x|x,38,1,0,0,0,x,0,3,0,x,x,x,x,x,x,x,x,x,Rot|Weiß|Schwarz,Vogel (Emblem),4,Gelb,x,x,x,x,x,x,x,x,x,x,x,x,x,x,x,x,Einköpfiger Wappenadler,,
4,,,Albanien,1,,,,,1|0|0|0|x|4|x|x|x|x|x|x|x|x|x|x|x,24,1,0,0,0,x,4,x,x,x,x,x,x,x,x,x,x,x,Rot,Vogel (Emblem),4,Schwarz,x,x,x,x,x,x,x,x,x,x,x,x,x,x,x,x,Zweiköpfiger Wappenadler,,
5,,,Algerien,1,,,,,1|0|0|0|x|1|x|x|x|2|0|x|x|x|x|x|x,2,1,0,0,0,x,1,x,x,x,2,0,x,x,x,x,x,x,Grün|Weiß,Mond,4,Rot,x,Stern,4,Rot,1,x,x,x,x,x,x,x,x,x,x,x,,,
6,,,Andorra,1,small|2853|967,,,,1|0|0|0|x|1|x|x|x|3|0|x|x|x|x|x|x,20,1,0,0,0,x,1,x,x,x,3,0,x,x,x,x,x,x,Blau|Gelb|Rot,Emblem,4,x,x,x,x,x,x,x,x,x,x,x,x,x,x,x,x,x,Mitra|Hirtenstab|Kühe,Mittlerer Streifen etwas breiter,Eine von 2 Flaggen mit Kühen (Moldovia)
7,,,Angola,1,,,,,1|0|0|0|x|0|2|x|x|x|x|x|x|x|x|x|x,13,1,0,0,0,x,0,2,x,x,x,x,x,x,x,x,x,x,Rot|Schwarz,Ackergerät,4,Gelb,x,Stern,4,Gelb,1,Zahnrad,4,Gelb,x,x,x,x,x,x,x,x,,Machete!,
8,,,Antigua und Barbuda,1,small|1803|1469,,,,1|0|0|0|x|7|x|x|x|x|x|x|x|x|x|x|0,1,1,0,0,0,x,7,x,x,x,x,x,x,x,x,x,x,0,Schwarz|Hellblau (Blau)|Weiß|Rot|Rot,Sonne,1,Gelb,x,x,x,x,x,x,x,x,x,x,x,x,x,x,x,x,,Es gab einen Wettbewerb,
9,,,Äquatorialguinea,1,,,,,1|0|0|1|1|0|3|0|x|x|x|x|x|x|x|x|x,6,1,0,0,1,1,0,3,0,x,x,x,x,x,x,x,x,x,Grün|Weiß|Rot,Emblem,4,x,x,x,x,x,x,x,x,x,x,x,x,x,x,x,Hellblau (Blau),x,Unidad Paz Justicia|Sterne|Seidenwollbaum|Schild|,,
10,,,Argentinien,1,,,,,1|0|0|0|x|0|3|0|x|x|x|x|x|x|x|x|x,38,1,0,0,0,x,0,3,0,x,x,x,x,x,x,x,x,x,Hellblau|Weiß|Hellblau,Sonne,4,Gelb,x,x,x,x,x,x,x,x,x,x,x,x,x,x,x,x,,Daher wirkt die argentinische Flagge auch heute noch in der Flagge Guatemalas Honduras El Salvadors Nicaraguas und der Flagge Costa Ricas weiter,Tag der Flagge (Día de la Bandera). An diesem Tag finden im ganzen Land Feierlichkeiten zu Ehren der Flagge (Gibt es aber auch in anderen Ländern! Aserbaidschan z. B.)
11,,,Armenien,1,,,,,1|0|0|0|x|0|3|0|x|x|x|x|x|x|x|x|x,38,1,0,0,0,x,0,3,0,x,x,x,x,x,x,x,x,x,Rot|Blau|Gelb (Orange),Keine,x,x,x,x,x,x,x,x,x,x,x,x,x,x,x,x,x,x,,,
12,,,Aserbaidschan,1,,,,,1|0|0|0|x|0|3|0|x|x|x|x|x|x|x|x|x,38,1,0,0,0,x,0,3,0,x,x,x,x,x,x,x,x,x,Hellblau|Rot|Grün,Mond,4,Weiß,x,Stern,4,Weiß,1,x,x,x,x,x,x,x,x,x,x,x,,,
13,,,Äthiopien,1,,,,,1|0|0|0|x|0|3|0|x|x|x|x|x|x|x|x|x,38,1,0,0,0,x,0,3,0,x,x,x,x,x,x,x,x,x,Grün|Gelb|Rot,Kreis,4,Blau,x,Stern,4,Gelb,1,x,x,x,x,x,x,x,x,x,x,x,,,
14,,,Australien,1,,,,,1|0|1|0|x|4|x|x|x|x|x|x|x|x|x|x|x,10,1,0,1,0,x,4,x,x,x,x,x,x,x,x,x,x,x,Blau,Stern,9,Weiß,6,Union Jack,0,x,x,x,x,x,x,x,x,x,x,x,x,x,,,
15,,,Bahamas,1,,,,,1|0|0|1|1|0|3|0|x|x|x|x|x|x|x|x|x,6,1,0,0,1,1,0,3,0,x,x,x,x,x,x,x,x,x,Hellblau|Gelb|Hellblau,Keine,x,x,x,x,x,x,x,x,x,x,x,x,x,x,x,x,Schwarz,x,,,
16,,,Bahrain,1,small|3622|1299,,,,1|0|0|0|x|7|x|x|x|x|x|x|x|x|x|x|1,2,1,0,0,0,x,7,x,x,x,x,x,x,x,x,x,x,1,Weiß|Rot,Keine,x,x,x,x,x,x,x,x,x,x,x,x,x,x,x,x,x,x,,,
17,,,Bangladesch,1,,,,,1|0|0|0|x|4|x|x|x|x|x|x|x|x|x|x|x,24,1,0,0,0,x,4,x,x,x,x,x,x,x,x,x,x,x,Grün,Kreis,3,Rot,x,x,x,x,x,x,x,x,x,x,x,x,x,x,x,x,,,
18,,,Barbados,1,small|1830|1556,,,,1|0|0|0|x|1|x|x|x|3|0|x|x|x|x|x|x,20,1,0,0,0,x,1,x,x,x,3,0,x,x,x,x,x,x,Blau|Gelb|Blau,Dreizack,4,Schwarz,x,x,x,x,x,x,x,x,x,x,x,x,x,x,x,x,,,
19,,,Belarus,1,Weißrussland,,,,1|0|0|0|x|0|2|x|x|x|x|x|x|x|x|x|x,13,1,0,0,0,x,0,2,x,x,x,x,x,x,x,x,x,x,Rot|Grün,Muster,3 (0|6),&Weiß,x,x,x,x,x,x,x,x,x,x,x,x,x,x,x,x,,,
20,,,Belgien,1,,,,,1|0|0|0|x|1|x|x|x|3|0|x|x|x|x|x|x,20,1,0,0,0,x,1,x,x,x,3,0,x,x,x,x,x,x,Schwarz|Gelb|Rot,Keine,x,x,x,x,x,x,x,x,x,x,x,x,x,x,x,x,x,x,,,
21,,,Belize,1,,,,,1|0|0|0|x|0|3|1|x|x|x|x|x|x|x|x|x,8,1,0,0,0,x,0,3,1,x,x,x,x,x,x,x,x,x,Rot|Blau|Rot,Emblem,4,x,x,x,x,x,x,x,x,x,x,x,x,x,x,x,x,x,Hammer|Paddel|Axt|Säge|Schild|Segelschiff|Mahagonibaum|Sexy Men,Sub Umbra Floreo,
22,,,Benin,1,,,,,1|0|0|0|x|5|x|x|x|x|x|x|x|x|x|2|x,3,1,0,0,0,x,5,x,x,x,x,x,x,x,x,x,2,x,Grün|Gelb|Rot,Keine,x,x,x,x,x,x,x,x,x,x,x,x,x,x,x,x,x,x,,,
23,,,Bermuda,1,middle small|1818|1153,,,,1|0|1|0|x|4|x|x|x|x|x|x|x|x|x|x|x,10,1,0,1,0,x,4,x,x,x,x,x,x,x,x,x,x,x,Rot,Union Jack,0,x,x,Emblem,5,x,x,x,x,x,x,x,x,x,x,x,x,x,QUO FATA FERUNT|Schiff|Schild|Löwe,,
24,,,Bhutan,1,,,,,1|0|0|x|x|3|x|x|x|x|x|x|x|0|0|x|x,1,1,0,0,x,x,3,x,x,x,x,x,x,x,0,0,x,x,Gelb|Orange,Drache,4,Weiß,x,x,x,x,x,x,x,x,x,x,x,x,x,x,x,x,,Land des Donnerdrachens in Landessprache,
25,,,Bolivien,1,,,,,1|0|0|0|x|0|3|0|x|x|x|x|x|x|x|x|x,38,1,0,0,0,x,0,3,0,x,x,x,x,x,x,x,x,x,Rot|Gelb|Grün,Emblem (Keine),4,x,x,x,x,x,x,x,x,x,x,x,x,x,x,x,x,x,,,
26,,,Bosnien und Herzegowina,1,,,,,1|0|0|0|x|7|x|x|x|x|x|x|x|x|x|x|2,1,1,0,0,0,x,7,x,x,x,x,x,x,x,x,x,x,2,Blau|Gelb,Stern,9,Weiß,9,x,x,x,x,x,x,x,x,x,x,x,x,x,x,x,,,
27,,,Botswana,1,,,,,1|0|0|0|x|0|5|x|3-1-2-1-3|x|x|x|x|x|x|x|x,1,1,0,0,0,x,0,5,x,3-1-2-1-3,x,x,x,x,x,x,x,x,Hellblau|Weiß|Schwarz|Weiß|Hellblau,Keine,x,x,x,x,x,x,x,x,x,x,x,x,x,x,x,x,x,x,,,
28,,,Brasilien,1,,,,,1|0|0|0|x|4|x|x|x|x|x|x|x|x|x|x|x,24,1,0,0,0,x,4,x,x,x,x,x,x,x,x,x,x,x,Grün,Raute,4,Gelb,x,Kreis,4,Blau,x,Schrift,4,Grün,x,Stern,4,Weiß,27,x,x,x,Ordem e Progresso,,
29,,,Brunei,1,small|4718|1733,,,,1|0|0|x|x|3|x|x|x|x|x|x|x|1|2|x|x,1,1,0,0,x,x,3,x,x,x,x,x,x,x,1,2,x,x,Gelb|Weiß|Schwarz|Gelb,Emblem,4,Rot,x,x,x,x,x,x,x,x,x,x,x,x,x,x,x,x,Sentiasa Membuat Kebajikan Dengan Petunjuk Allah,,
30,,,Bulgarien,1,,,,,1|0|0|0|x|0|3|0|x|x|x|x|x|x|x|x|x,38,1,0,0,0,x,0,3,0,x,x,x,x,x,x,x,x,x,Weiß|Grün|Rot,Keine,x,x,x,x,x,x,x,x,x,x,x,x,x,x,x,x,x,x,,,
31,,,Burkina Faso,1,,,,,1|0|0|0|x|0|2|x|x|x|x|x|x|x|x|x|x,13,1,0,0,0,x,0,2,x,x,x,x,x,x,x,x,x,x,Rot|Grün,Stern,4,Gelb,1,x,x,x,x,x,x,x,x,x,x,x,x,x,x,x,,,
32,,,Burundi,1,,,,,1|0|0|x|x|2|x|x|x|x|x|1|0|x|x|x|x,3,1,0,0,x,x,2,x,x,x,x,x,1,0,x,x,x,x,Rot|Grün|Rot|Grün|Weiß,Kreis,4,Weiß,x,Stern,4,Rot,3,x,x,x,x,x,x,x,x,x,x,x,,,
33,,,Chile,1,,,,,1|0|1|0|x|0|2|x|x|x|x|x|x|x|x|x|x,1,1,0,1,0,x,0,2,x,x,x,x,x,x,x,x,x,x,Weiß|Rot,Stern,0,Weiß,1,x,x,x,x,x,x,x,x,x,x,x,x,Blau,x,x,,,
34,,,China,1,,,,,1|0|0|0|x|4|x|x|x|x|x|x|x|x|x|x|x,24,1,0,0,0,x,4,x,x,x,x,x,x,x,x,x,x,x,Rot,Stern,0,Gelb,5,x,x,x,x,x,x,x,x,x,x,x,x,x,x,x,,,
35,,,Cookinseln,1,,,,,1|0|1|0|x|4|x|x|x|x|x|x|x|x|x|x|x,10,1,0,1,0,x,4,x,x,x,x,x,x,x,x,x,x,x,Blau,Union Jack,0,x,x,Stern,5 (9),Weiß,15,x,x,x,x,x,x,x,x,x,x,x,,,
36,,,Costa Rica,1,,,,,1|0|0|0|x|0|5|x|1-1-2-1-1|x|x|x|x|x|x|x|x,3,1,0,0,0,x,0,5,x,1-1-2-1-1,x,x,x,x,x,x,x,x,Blau|Weiß|Rot|Weiß|Blau,Keine (Emblem),x,x,x,x,x,x,x,x,x,x,x,x,x,x,x,x,x,x,Vulkane|Segelschiff (Dreimaster)|Wimpel|Blätter|Band|Name der Nation|SterneSonne,,
37,,,Dänemark,1,,,,,1|0|0|x|x|2|x|x|x|x|x|0|0|x|x|x|x,6,1,0,0,x,x,2,x,x,x,x,x,0,0,x,x,x,x,Rot|Rot|Rot|Rot|Weiß,Keine,x,x,x,x,x,x,x,x,x,x,x,x,x,x,x,x,x,x,,,
38,,,Demokratische Republik Kongo,1,,,,,1|0|0|x|x|3|x|x|x|x|x|x|x|0|3|x|x,4,1,0,0,x,x,3,x,x,x,x,x,x,x,0,3,x,x,Hellblau|Gelb|Rot|Gelb|Hellblau,Stern,0,Gelb,1,x,x,x,x,x,x,x,x,x,x,x,x,x,x,x,,,
39,,,Deutschland,1,,,,,1|0|0|0|x|0|3|0|x|x|x|x|x|x|x|x|x,38,1,0,0,0,x,0,3,0,x,x,x,x,x,x,x,x,x,Schwarz|Rot|Gelb,Keine,x,x,x,x,x,x,x,x,x,x,x,x,x,x,x,x,x,x,,,
40,,,Dominica,1,small|1805|1508,,,,1|0|0|x|x|2|x|x|x|x|x|0|1|x|x|x|x,1,1,0,0,x,x,2,x,x,x,x,x,0,1,x,x,x,x,Grün|Gelb|Schwarz|Weiß,Kreis,4,Rot,x,Vogel,4,x,x,Stern,4,Grün,10,x,x,x,x,x,x,x,,,
41,,,Dominikanische Republik,1,,,,,1|0|0|x|x|2|x|x|x|x|x|0|0|x|x|x|x,6,1,0,0,x,x,2,x,x,x,x,x,0,0,x,x,x,x,Blau|Rot|Blau|Rot|Weiß,Emblem,4,x,x,x,x,x,x,x,x,x,x,x,x,x,x,x,x,x,,,
42,,,Dschibuti,1,,,,,1|0|0|1|1|0|2|x|x|x|x|x|x|x|x|x|x,3,1,0,0,1,1,0,2,x,x,x,x,x,x,x,x,x,x,Hellblau|Grün,Stern,3,Rot,1,x,x,x,x,x,x,x,x,x,x,x,x,x,Weiß,x,,,
43,,,Ecuador,1,,,,,1|0|0|0|x|0|3|3|x|x|x|x|x|x|x|x|x,3,1,0,0,0,x,0,3,3,x,x,x,x,x,x,x,x,x,Gelb|Blau|Rot,Emblem,4,x,x,x,x,x,x,x,x,x,x,x,x,x,x,x,x,x,,,
44,,,El Salvador,1,,,,,1|0|0|0|x|0|3|0|x|x|x|x|x|x|x|x|x,38,1,0,0,0,x,0,3,0,x,x,x,x,x,x,x,x,x,Blau|Weiß|Blau,Emblem,4,x,x,x,x,x,x,x,x,x,x,x,x,x,x,x,x,x,,,
45,,,Elfenbeinküste,1,,,,,1|0|0|0|x|1|x|x|x|3|0|x|x|x|x|x|x,20,1,0,0,0,x,1,x,x,x,3,0,x,x,x,x,x,x,Orange|Weiß|Grün,Keine,x,x,x,x,x,x,x,x,x,x,x,x,x,x,x,x,x,x,,,
46,,,England,1,,,,,1|0|0|x|x|2|x|x|x|x|x|0|0|x|x|x|x,6,1,0,0,x,x,2,x,x,x,x,x,0,0,x,x,x,x,Weiß|Weiß|Weiß|Weiß|Rot,Keine,x,x,x,x,x,x,x,x,x,x,x,x,x,x,x,x,x,x,,,
47,,,Eritrea,1,,,,,1|0|0|3|1|0|2|x|x|x|x|x|x|x|x|x|x,1,1,0,0,3,1,0,2,x,x,x,x,x,x,x,x,x,x,Grün|Hellblau (Blau),Zweig (Emblem),3,Gelb,x,x,x,x,x,x,x,x,x,x,x,x,x,x,Rot,x,,,
48,,,Estland,1,,,,,1|0|0|0|x|0|3|0|x|x|x|x|x|x|x|x|x,38,1,0,0,0,x,0,3,0,x,x,x,x,x,x,x,x,x,Hellblau(Blau)|Schwarz|Weiß,Keine,x,x,x,x,x,x,x,x,x,x,x,x,x,x,x,x,x,x,,,
49,,,Eswatini,1,,,,,1|0|0|0|x|0|5|x|2-1-3-1-2|x|x|x|x|x|x|x|x,3,1,0,0,0,x,0,5,x,2-1-3-1-2,x,x,x,x,x,x,x,x,Blau|Gelb|Rot|Gelb|Blau,Emblem,4,x,x,x,x,x,x,x,x,x,x,x,x,x,x,x,x,x,,,
50,,,Fidschi,1,big|5726|2284,,,,1|0|1|0|x|4|x|x|x|x|x|x|x|x|x|x|x,10,1,0,1,0,x,4,x,x,x,x,x,x,x,x,x,x,x,Hellblau,Union Jack,0,x,x,Emblem,5,x,x,x,x,x,x,x,x,x,x,x,x,x,,,
51,,,Finnland,1,,,,,1|0|0|x|x|2|x|x|x|x|x|0|0|x|x|x|x,6,1,0,0,x,x,2,x,x,x,x,x,0,0,x,x,x,x,Weiß|Weiß|Weiß|Weiß|Blau,Keine,x,x,x,x,x,x,x,x,x,x,x,x,x,x,x,x,x,x,,,
52,,,Frankreich,,,,../images/pictures/flags96/France.jpg,France,1|0|0|0|x|1|x|x|x|3|0|x|x|x|x|x|x,20,1,0,0,0,x,1,x,x,x,3,0,x,x,x,x,x,x,,Keine,x,x,x,x,x,x,x,x,x,x,x,x,x,x,x,x,x,x,,,
53,,,Gabun,,,,../images/pictures/flags96/Gabon.jpg,Gabon,1|0|0|0|x|0|3|0|x|x|x|x|x|x|x|x|x,38,1,0,0,0,x,0,3,0,x,x,x,x,x,x,x,x,x,,Keine,x,x,x,x,x,x,x,x,x,x,x,x,x,x,x,x,x,x,,,
54,,,Gambia,1,,,,,1|0|0|0|x|0|5|x|3-1-2-1-3 (2-1-2-1-2)|x|x|x|x|x|x|x|x,1,1,0,0,0,x,0,5,x,3-1-2-1-3 (2-1-2-1-2),x,x,x,x,x,x,x,x,Rot|Weiß|Blau|Weiß|Grün,Keine,x,x,x,x,x,x,x,x,x,x,x,x,x,x,x,x,x,x,,,
55,,,Georgien,1,,,,,1|0|0|x|x|2|x|x|x|x|x|0|0|x|x|x|x,6,1,0,0,x,x,2,x,x,x,x,x,0,0,x,x,x,x,Weiß|Weiß|Weiß|Weiß|Rot,Kreuz,9,Rot,4,x,x,x,x,x,x,x,x,x,x,x,x,x,x,x,,,
56,,,Ghana,,,,../images/pictures/flags96/Ghana.jpg,Ghana,1|0|0|0|x|0|3|0|x|x|x|x|x|x|x|x|x,38,1,0,0,0,x,0,3,0,x,x,x,x,x,x,x,x,x,,Stern,4,Schwarz,1,x,x,x,x,x,x,x,x,x,x,x,x,x,x,x,,,
57,,,Grenada,1,small|1792|1578,,,,1|1|0|x|x|2|x|x|x|x|x|1|3|x|x|x|x,1,1,1,0,x,x,2,x,x,x,x,x,1,3,x,x,x,x,Gelb|Grün|Gelb|Grün,Kreis,4,Rot,x,Stern,9,Gelb,7,Nuss,3,x,x,x,x,x,x,x,x,Rot,,,
58,,,Griechenland,,,,../images/pictures/flags96/Greece.jpg,Greece,1|0|1|0|x|0|9|x|x|x|x|x|x|x|x|x|x,2,1,0,1,0,x,0,9,x,x,x,x,x,x,x,x,x,x,,Kreuz,0,Weiß,x,x,x,x,x,x,x,x,x,x,x,x,x,x,x,x,,,
59,,,Grönland,1,,,,,1|0|0|0|x|0|2|x|x|x|x|x|x|x|x|x|x,13,1,0,0,0,x,0,2,x,x,x,x,x,x,x,x,x,x,Weiß|Rot,Kreis,3,Rot|Weiß,x,x,x,x,x,x,x,x,x,x,x,x,x,x,x,x,,,
60,,,Guam,,,,../images/pictures/flags96/Guam.jpg,Guam,1|1|0|0|x|0|2|x|x|x|x|x|x|x|x|x|x,2,1,1,0,0,x,0,2,x,x,x,x,x,x,x,x,x,x,,Emblem,4,x,x,x,x,x,x,x,x,x,x,x,x,x,x,x,x,Rot,,,
61,,,Guatemala,,,,../images/pictures/flags96/Guatemala.jpg,Guatemala,1|0|0|0|x|1|x|x|x|3|0|x|x|x|x|x|x,20,1,0,0,0,x,1,x,x,x,3,0,x,x,x,x,x,x,,Emblem,4,x,x,x,x,x,x,x,x,x,x,x,x,x,x,x,x,x,,,
62,,,Guinea,,,,../images/pictures/flags96/Guinea.jpg,Guinea,1|0|0|0|x|1|x|x|x|3|0|x|x|x|x|x|x,20,1,0,0,0,x,1,x,x,x,3,0,x,x,x,x,x,x,,Keine,x,x,x,x,x,x,x,x,x,x,x,x,x,x,x,x,x,x,,,
63,,,Guinea-Bissau,,,,../images/pictures/flags96/Guinea-Bissau.jpg,Guinea-Bissau,1|0|0|0|x|5|x|x|x|x|x|x|x|x|x|2|x,3,1,0,0,0,x,5,x,x,x,x,x,x,x,x,x,2,x,,Stern,3,Schwarz,1,x,x,x,x,x,x,x,x,x,x,x,x,x,x,x,,,
64,,,Guyana,1,,,,,1|0|0|3|4|4|x|x|x|x|x|x|x|x|x|x|x,1,1,0,0,3,4,4,x,x,x,x,x,x,x,x,x,x,x,Grün|Grün,Keine,x,x,x,x,x,x,x,x,x,x,x,x,x,x,x,x,Rot|Schwarz|Gelb|Weiß,x,,,
65,,,Haiti,,,,../images/pictures/flags96/Haiti.jpg,Haiti,1|0|0|0|x|0|2|x|x|x|x|x|x|x|x|x|x,13,1,0,0,0,x,0,2,x,x,x,x,x,x,x,x,x,x,,Emblem,4,x,x,x,x,x,x,x,x,x,x,x,x,x,x,x,x,x,,,
66,,,Honduras,,,,../images/pictures/flags96/Honduras.jpg,Honduras,1|0|0|0|x|0|3|0|x|x|x|x|x|x|x|x|x,38,1,0,0,0,x,0,3,0,x,x,x,x,x,x,x,x,x,,Stern,4,Blau,5,x,x,x,x,x,x,x,x,x,x,x,x,x,x,x,,,
67,,,Hongkong,1,small|4649|1346,,,,1|0|0|0|x|4|x|x|x|x|x|x|x|x|x|x|x,24,1,0,0,0,x,4,x,x,x,x,x,x,x,x,x,x,x,Rot,Blume,4,Weiß,x,x,x,x,x,x,x,x,x,x,x,x,x,x,x,x,,,
68,,,Indien,,,,../images/pictures/flags96/India.jpg,India,1|0|0|0|x|0|3|0|x|x|x|x|x|x|x|x|x,38,1,0,0,0,x,0,3,0,x,x,x,x,x,x,x,x,x,,Chakra,4,Blau,x,x,x,x,x,x,x,x,x,x,x,x,x,x,x,x,,,
69,,,Indonesien,,,,../images/pictures/flags96/Indonesia.jpg,Indonesia,1|0|0|0|x|0|2|x|x|x|x|x|x|x|x|x|x,13,1,0,0,0,x,0,2,x,x,x,x,x,x,x,x,x,x,,Keine,x,x,x,x,x,x,x,x,x,x,x,x,x,x,x,x,x,x,,,
70,,,Irak,,,,../images/pictures/flags96/Iraq.jpg,Iraq,1|0|0|0|x|0|3|0|x|x|x|x|x|x|x|x|x,38,1,0,0,0,x,0,3,0,x,x,x,x,x,x,x,x,x,,Schrift,4,Grün,x,x,x,x,x,x,x,x,x,x,x,x,x,x,x,x,,,
71,,,Iran,,,,../images/pictures/flags96/Iran.jpg,Iran,1|0|0|0|x|0|3|0|x|x|x|x|x|x|x|x|x,38,1,0,0,0,x,0,3,0,x,x,x,x,x,x,x,x,x,,Emblem,4,x,x,x,x,x,x,x,x,x,x,x,x,x,x,x,x,x,,,
72,,,Irland,,,,../images/pictures/flags96/Ireland.jpg,Ireland,1|0|0|0|x|1|x|x|x|3|0|x|x|x|x|x|x,20,1,0,0,0,x,1,x,x,x,3,0,x,x,x,x,x,x,,Keine,x,x,x,x,x,x,x,x,x,x,x,x,x,x,x,x,x,x,,,
73,,,Island,1,,,,,1|0|0|x|x|2|x|x|x|x|x|0|2|x|x|x|x,2,1,0,0,x,x,2,x,x,x,x,x,0,2,x,x,x,x,Blau|Weiß|Rot,Keine,x,x,x,x,x,x,x,x,x,x,x,x,x,x,x,x,x,x,,,
74,,,Israel,,,,../images/pictures/flags96/Israel.jpg,Israel,1|0|0|0|x|0|5|x|1-2-3-2-1|x|x|x|x|x|x|x|x,1,1,0,0,0,x,0,5,x,1-2-3-2-1,x,x,x,x,x,x,x,x,,Stern,4,Blau,1,x,x,x,x,x,x,x,x,x,x,x,x,x,x,x,,,
75,,,Italien,,,,../images/pictures/flags96/Italy.jpg,Italy,1|0|0|0|x|1|x|x|x|3|0|x|x|x|x|x|x,20,1,0,0,0,x,1,x,x,x,3,0,x,x,x,x,x,x,,Keine,x,x,x,x,x,x,x,x,x,x,x,x,x,x,x,x,x,x,,,
76,,,Jamaika,,,,../images/pictures/flags96/Jamaica.jpg,Jamaica,1|0|0|x|x|2|x|x|x|x|x|1|0|x|x|x|x,3,1,0,0,x,x,2,x,x,x,x,x,1,0,x,x,x,x,,Keine,x,x,x,x,x,x,x,x,x,x,x,x,x,x,x,x,x,x,,,
77,,,Japan,,,,,,1|0|0|0|x|4|x|x|x|x|x|x|x|x|x|x|x,24,1,0,0,0,x,4,x,x,x,x,x,x,x,x,x,x,x,Weiß,Kreis,4,Rot,x,x,x,x,x,x,x,x,x,x,x,x,x,x,x,x,,,
78,,,Jemen,,,,../images/pictures/flags96/Yemen.jpg,Yemen,1|0|0|0|x|0|3|0|x|x|x|x|x|x|x|x|x,38,1,0,0,0,x,0,3,0,x,x,x,x,x,x,x,x,x,,Keine,x,x,x,x,x,x,x,x,x,x,x,x,x,x,x,x,x,x,,,
79,,,Jordanien,,,,../images/pictures/flags96/Jordan.jpg,Jordan,1|0|0|1|1|0|3|0|x|x|x|x|x|x|x|x|x,6,1,0,0,1,1,0,3,0,x,x,x,x,x,x,x,x,x,,Stern,3,Weiß,1,x,x,x,x,x,x,x,x,x,x,x,x,x,x,x,,,
80,,,Kambodscha,1,,,,,1|0|0|0|x|0|3|1|x|x|x|x|x|x|x|x|x,8,1,0,0,0,x,0,3,1,x,x,x,x,x,x,x,x,x,Blau|Rot|Blau,Gebäude (Emblem),4,Weiß,x,x,x,x,x,x,x,x,x,x,x,x,x,x,x,x,,,
81,,,Kamerun,,,,../images/pictures/flags96/Cameroon.jpg,Cameroon,1|0|0|0|x|1|x|x|x|3|0|x|x|x|x|x|x,20,1,0,0,0,x,1,x,x,x,3,0,x,x,x,x,x,x,,Stern,4,Gelb,1,x,x,x,x,x,x,x,x,x,x,x,x,x,x,x,,,
82,,,Kanada,1,,,,,1|0|0|0|x|1|x|x|x|3|1|x|x|x|x|x|x,2,1,0,0,0,x,1,x,x,x,3,1,x,x,x,x,x,x,Rot|Weiß|Rot,Blatt,4,Rot,x,x,x,x,x,x,x,x,x,x,x,x,x,x,x,x,,,
83,,,Kap Verde,1,middle big|2417|1507,,,,1|0|0|0|x|0|5|x|3-1-1-1-2|x|x|x|x|x|x|x|x,1,1,0,0,0,x,0,5,x,3-1-1-1-2,x,x,x,x,x,x,x,x,Blau|Weiß|Rot|Weiß|Blau,Stern,6 (9),Gelb,10,x,x,x,x,x,x,x,x,x,x,x,x,x,x,x,,10 Inseln wie Sterne,
84,,,Kasachstan,,,,../images/pictures/flags96/Kazakhstan.jpg,Kazakhstan,1|0|0|0|x|4|x|x|x|x|x|x|x|x|x|x|x,24,1,0,0,0,x,4,x,x,x,x,x,x,x,x,x,x,x,,Muster,3,Gelb,x,Sonne,4,Gelb,x,Vogel,4,Gelb,x,x,x,x,x,x,x,x,,,
85,,,Katar,,,,../images/pictures/flags96/Qatar.jpg,Qatar,1|0|0|0|x|7|x|x|x|x|x|x|x|x|x|x|1,2,1,0,0,0,x,7,x,x,x,x,x,x,x,x,x,x,1,,Keine,x,x,x,x,x,x,x,x,x,x,x,x,x,x,x,x,x,x,,,
86,,,Kenia,,,,../images/pictures/flags96/Kenya.jpg,Kenya,1|0|0|0|x|0|5|x|2-1-2-1-2|x|x|x|x|x|x|x|x,2,1,0,0,0,x,0,5,x,2-1-2-1-2,x,x,x,x,x,x,x,x,,Emblem,4,x,x,x,x,x,x,x,x,x,x,x,x,x,x,x,x,x,,,
87,,,Kirgisistan,,,,../images/pictures/flags96/Kyrgyzstan.jpg,Kyrgyzstan,1|0|0|0|x|4|x|x|x|x|x|x|x|x|x|x|x,24,1,0,0,0,x,4,x,x,x,x,x,x,x,x,x,x,x,,Emblem,4,x,x,x,x,x,x,x,x,x,x,x,x,x,x,x,x,x,,,
88,,,Kiribati,1,,,,,1|0|0|0|x|7|x|x|x|x|x|x|x|x|x|x|4,1,1,0,0,0,x,7,x,x,x,x,x,x,x,x,x,x,4,Rot|Weiß|Blau,Sonne,4,Gelb,x,Vogel,1,Gelb,x,x,x,x,x,x,x,x,x,x,x,x,,,
89,,,Kolumbien,,,,../images/pictures/flags96/Colombia.jpg,Colombia,1|0|0|0|x|0|3|3|x|x|x|x|x|x|x|x|x,3,1,0,0,0,x,0,3,3,x,x,x,x,x,x,x,x,x,,Keine,x,x,x,x,x,x,x,x,x,x,x,x,x,x,x,x,x,x,,,
90,,,Komoren,,,,../images/pictures/flags96/Comoros.jpg,Comoros,1|0|0|1|1|0|4|x|x|x|x|x|x|x|x|x|x,1,1,0,0,1,1,0,4,x,x,x,x,x,x,x,x,x,x,,Mond,3,Weiß,x,Stern,3,Weiß,4,x,x,x,x,x,x,x,x,x,x,x,,,
91,,,Kosovo,1,,,,,1|0|0|0|x|4|x|x|x|x|x|x|x|x|x|x|x,24,1,0,0,0,x,4,x,x,x,x,x,x,x,x,x,x,x,Blau,Landumriss,4,Gelb,x,Stern,1,Weiß,6,x,x,x,x,x,x,x,x,x,x,x,,,
92,,,Kroatien,,,,../images/pictures/flags96/Croatia.jpg,Croatia,1|0|0|0|x|0|3|0|x|x|x|x|x|x|x|x|x,38,1,0,0,0,x,0,3,0,x,x,x,x,x,x,x,x,x,,Emblem,4,x,x,x,x,x,x,x,x,x,x,x,x,x,x,x,x,x,,,
93,,,Kuba,,,,../images/pictures/flags96/Cuba.jpg,Cuba,1|0|0|1|1|0|5|x|1-1-1-1-1|x|x|x|x|x|x|x|x,2,1,0,0,1,1,0,5,x,1-1-1-1-1,x,x,x,x,x,x,x,x,Blau|Weiß|Blau|Weiß|Blau,Stern,3,Weiß,1,x,x,x,x,x,x,x,x,x,x,x,x,x,Rot,x,,,
94,,,Kuwait,1,,,,,1|0|0|2|1|0|3|0|x|x|x|x|x|x|x|x|x,1,1,0,0,2,1,0,3,0,x,x,x,x,x,x,x,x,x,Grün|Weiß|Rot,Keine,x,x,x,x,x,x,x,x,x,x,x,x,x,x,x,x,Schwarz,x,,,
95,,,Laos,,,,../images/pictures/flags96/Laos.jpg,Laos,1|0|0|0|x|0|3|1|x|x|x|x|x|x|x|x|x,8,1,0,0,0,x,0,3,1,x,x,x,x,x,x,x,x,x,,Kreis,4,Weiß,x,x,x,x,x,x,x,x,x,x,x,x,x,x,x,x,,,
96,,,Lesotho,1,,,,,1|0|0|0|x|0|3|1|x|x|x|x|x|x|x|x|x,8,1,0,0,0,x,0,3,1,x,x,x,x,x,x,x,x,x,Blau|Weiß|Grün,Hut,4,Schwarz,x,x,x,x,x,x,x,x,x,x,x,x,x,x,x,x,,,
97,,,Lettland,,,,../images/pictures/flags96/Latvia.jpg,Latvia,1|0|0|0|x|0|3|2|x|x|x|x|x|x|x|x|x,3,1,0,0,0,x,0,3,2,x,x,x,x,x,x,x,x,x,,Keine,x,x,x,x,x,x,x,x,x,x,x,x,x,x,x,x,x,x,,,
98,,,Libanon,1,,,,,1|0|0|0|x|0|3|1|x|x|x|x|x|x|x|x|x,8,1,0,0,0,x,0,3,1,x,x,x,x,x,x,x,x,x,Rot|Weiß|Rot,Baum,4,Grün,x,x,x,x,x,x,x,x,x,x,x,x,x,x,x,x,,,
99,,,Liberia,1,,,,,1|0|1|0|x|0|11|x|x|x|x|x|x|x|x|x|x,1,1,0,1,0,x,0,11,x,x,x,x,x,x,x,x,x,x,Rot|Weiß,Stern,0,Weiß,1,x,x,x,x,x,x,x,x,x,x,x,x,Blau,x,x,,,
100,,,Libyen,,,,../images/pictures/flags96/Libya.jpg,Libya,1|0|0|0|x|0|3|1|x|x|x|x|x|x|x|x|x,8,1,0,0,0,x,0,3,1,x,x,x,x,x,x,x,x,x,,Mond,4,Weiß,x,Stern,4,Weiß,1,x,x,x,x,x,x,x,x,x,x,x,,,
101,,,Liechtenstein,1,small|2972|874,,,,1|0|0|0|x|0|2|x|x|x|x|x|x|x|x|x|x,13,1,0,0,0,x,0,2,x,x,x,x,x,x,x,x,x,x,Blau|Rot,Krone,0,Gelb,x,x,x,x,x,x,x,x,x,x,x,x,x,x,x,x,,,
102,,,Litauen,,,,../images/pictures/flags96/Lithuania.jpg,Lithuania,1|0|0|0|x|0|3|0|x|x|x|x|x|x|x|x|x,38,1,0,0,0,x,0,3,0,x,x,x,x,x,x,x,x,x,,Keine,x,x,x,x,x,x,x,x,x,x,x,x,x,x,x,x,x,x,,,
103,,,Luxemburg,,,,../images/pictures/flags96/Luxembourg.jpg,Luxembourg,1|0|0|0|x|0|3|0|x|x|x|x|x|x|x|x|x,38,1,0,0,0,x,0,3,0,x,x,x,x,x,x,x,x,x,,Keine,x,x,x,x,x,x,x,x,x,x,x,x,x,x,x,x,x,x,,,
104,,,Madagaskar,,,,../images/pictures/flags96/Madagascar.jpg,Madagascar,1|0|0|0|x|5|x|x|x|x|x|x|x|x|x|2|x,3,1,0,0,0,x,5,x,x,x,x,x,x,x,x,x,2,x,,Keine,x,x,x,x,x,x,x,x,x,x,x,x,x,x,x,x,x,x,,,
105,,,Malawi,,,,../images/pictures/flags96/Malawi.jpg,Malawi,1|0|0|0|x|0|3|0|x|x|x|x|x|x|x|x|x,38,1,0,0,0,x,0,3,0,x,x,x,x,x,x,x,x,x,,Sonne,1,Rot,x,x,x,x,x,x,x,x,x,x,x,x,x,x,x,x,,,
106,,,Malaysia,,,,../images/pictures/flags96/Malaysia.jpg,Malaysia,1|0|1|0|x|0|14|x|x|x|x|x|x|x|x|x|x,1,1,0,1,0,x,0,14,x,x,x,x,x,x,x,x,x,x,,Mond,0,Gelb,x,Stern,0,Gelb,1,x,x,x,x,x,x,x,x,x,x,x,,,
107,,,Malediven,1,,,,,1|1|0|0|x|4|x|x|x|x|x|x|x|x|x|x|x,1,1,1,0,0,x,4,x,x,x,x,x,x,x,x,x,x,x,Grün,Mond,4,Weiß,x,x,x,x,x,x,x,x,x,x,x,x,x,x,x,Rot,,,
108,,,Mali,,,,../images/pictures/flags96/Mali.jpg,Mali,1|0|0|0|x|1|x|x|x|3|0|x|x|x|x|x|x,20,1,0,0,0,x,1,x,x,x,3,0,x,x,x,x,x,x,,Keine,x,x,x,x,x,x,x,x,x,x,x,x,x,x,x,x,x,x,,,
109,,,Malta,,,,../images/pictures/flags96/Malta.jpg,Malta,1|0|0|0|x|1|x|x|x|2|0|x|x|x|x|x|x,2,1,0,0,0,x,1,x,x,x,2,0,x,x,x,x,x,x,,Emblem,0,x,x,x,x,x,x,x,x,x,x,x,x,x,x,x,x,x,,,
110,,,Marokko,,,,../images/pictures/flags96/Morocco.jpg,Morocco,1|0|0|0|x|4|x|x|x|x|x|x|x|x|x|x|x,24,1,0,0,0,x,4,x,x,x,x,x,x,x,x,x,x,x,,Stern,4,Grün,1,x,x,x,x,x,x,x,x,x,x,x,x,x,x,x,,,
111,,,Marshallinseln,1,,,,,1|0|0|x|x|3|x|x|x|x|x|x|x|2|2|x|x,1,1,0,0,x,x,3,x,x,x,x,x,x,x,2,2,x,x,Blau|Orange(Gelb)|Weiß,Stern,0,Weiß,1,x,x,x,x,x,x,x,x,x,x,x,x,x,x,x,,,
112,,,Mauretanien,,,,../images/pictures/flags96/Mauritania.jpg,Mauritania,1|0|0|0|x|4|x|x|x|x|x|x|x|x|x|x|x,24,1,0,0,0,x,4,x,x,x,x,x,x,x,x,x,x,x,,Mond,4,Gelb,x,Stern,1,Gelb,1,x,x,x,x,x,x,x,x,x,x,x,,,
113,,,Mauritius,,,,../images/pictures/flags96/Mauritius.jpg,Mauritius,1|0|0|0|x|0|4|x|x|x|x|x|x|x|x|x|x,1,1,0,0,0,x,0,4,x,x,x,x,x,x,x,x,x,x,,Keine,x,x,x,x,x,x,x,x,x,x,x,x,x,x,x,x,x,x,,,
114,,,Mexiko,,,,../images/pictures/flags96/Mexico.jpg,Mexico,1|0|0|0|x|1|x|x|x|3|0|x|x|x|x|x|x,20,1,0,0,0,x,1,x,x,x,3,0,x,x,x,x,x,x,,Emblem,4,x,x,x,x,x,x,x,x,x,x,x,x,x,x,x,x,x,,,
115,,,Mikronesien,,,,https://upload.wikimedia.org/wikipedia/commons/thumb/e/e4/Flag_of_the_Federated_States_of_Micronesia.svg/330px-Flag_of_the_Federated_States_of_Micronesia.svg.png,Micronesia,1|0|0|0|x|4|x|x|x|x|x|x|x|x|x|x|x,24,1,0,0,0,x,4,x,x,x,x,x,x,x,x,x,x,x,,Stern,9,Weiß,4,x,x,x,x,x,x,x,x,x,x,x,x,x,x,x,,,
116,,,Moldau,,,,../images/pictures/flags96/Moldova.jpg,Moldova,1|0|0|0|x|1|x|x|x|3|0|x|x|x|x|x|x,20,1,0,0,0,x,1,x,x,x,3,0,x,x,x,x,x,x,,Emblem,4,x,x,x,x,x,x,x,x,x,x,x,x,x,x,x,x,x,,,
117,,,Monaco,,,,../images/pictures/flags96/Monaco.jpg,Monaco,1|0|0|0|x|0|2|x|x|x|x|x|x|x|x|x|x,13,1,0,0,0,x,0,2,x,x,x,x,x,x,x,x,x,x,,Keine,x,x,x,x,x,x,x,x,x,x,x,x,x,x,x,x,x,x,,,
118,,,Mongolei,,,,../images/pictures/flags96/Mongolia.jpg,Mongolia,1|0|0|0|x|1|x|x|x|3|0|x|x|x|x|x|x,20,1,0,0,0,x,1,x,x,x,3,0,x,x,x,x,x,x,,Emblem,3,Gelb,x,x,x,x,x,x,x,x,x,x,x,x,x,x,x,x,,,
119,,,Montenegro,,,,../images/pictures/flags96/Montenegro.jpg,Montenegro,1|1|0|0|x|0|2|x|x|x|x|x|x|x|x|x|x,2,1,1,0,0,x,0,2,x,x,x,x,x,x,x,x,x,x,,Emblem,4,x,x,x,x,x,x,x,x,x,x,x,x,x,x,x,x,Gelb,,,
120,,,Mosambik,1,,,,,1|0|0|1|1|0|5|x|2-1-2-1-2 (3-1-2-1-3)|x|x|x|x|x|x|x|x,1,1,0,0,1,1,0,5,x,2-1-2-1-2 (3-1-2-1-3),x,x,x,x,x,x,x,x,Grün|Weiß|Schwarz|Weiß|Gelb,Stern,3,Gelb,1,Gewehr,3,Schwarz,x,Ackergerät,3,Schwarz,x,Buch,3,Weiß,x,x,Rot,x,,Hacke,
121,,,Myanmar,,,,../images/pictures/flags96/Myanmar.jpg,Myanmar,1|0|0|0|x|0|3|0|x|x|x|x|x|x|x|x|x,38,1,0,0,0,x,0,3,0,x,x,x,x,x,x,x,x,x,,Stern,4,Weiß,1,x,x,x,x,x,x,x,x,x,x,x,x,x,x,x,,,
122,,,Namibia,,,,../images/pictures/flags96/Namibia.jpg,Namibia,1|0|0|x|x|3|x|x|x|x|x|x|x|0|3|x|x,4,1,0,0,x,x,3,x,x,x,x,x,x,x,0,3,x,x,,Sonne,0,Gelb,1,x,x,x,x,x,x,x,x,x,x,x,x,x,x,x,,,
123,,,Nauru,,,,../images/pictures/flags96/Nauru.jpg,Nauru,1|0|0|0|x|0|3|2|x|x|x|x|x|x|x|x|x,3,1,0,0,0,x,0,3,2,x,x,x,x,x,x,x,x,x,,Stern,6,Weiß,1,x,x,x,x,x,x,x,x,x,x,x,x,x,x,x,,,
124,,,Nepal,1,,,,,0|x|x|x|x|x|x|x|x|x|x|x|x|x|x|x|x,1,0,x,x,x,x,x,x,x,x,x,x,x,x,x,x,x,x,Rot|Blau,Mond,1,Weiß,x,Sonne,7,Weiß,x,x,x,x,x,x,x,x,x,x,x,x,,,
125,,,Neukaledonien,,,,../images/pictures/flags96/New_Caledonia.jpg,New_Caledonia,1|0|0|0|x|0|3|0|x|x|x|x|x|x|x|x|x,38,1,0,0,0,x,0,3,0,x,x,x,x,x,x,x,x,x,,Emblem,3,x,x,x,x,x,x,x,x,x,x,x,x,x,x,x,x,x,,,
126,,,Neuseeland,,,,../images/pictures/flags96/New_Zealand.jpg,New_Zealand,1|0|1|0|x|4|x|x|x|x|x|x|x|x|x|x|x,10,1,0,1,0,x,4,x,x,x,x,x,x,x,x,x,x,x,,Union Jack,0,x,x,Stern,9,Rot,4,x,x,x,x,x,x,x,x,x,x,x,,,
127,,,Nicaragua,,,,../images/pictures/flags96/Nicaragua.jpg,Nicaragua,1|0|0|0|x|0|3|0|x|x|x|x|x|x|x|x|x,38,1,0,0,0,x,0,3,0,x,x,x,x,x,x,x,x,x,,Emblem,4,x,x,x,x,x,x,x,x,x,x,x,x,x,x,x,x,x,,,
128,,,Niederlande,,,,../images/pictures/flags96/Netherlands.jpg,Netherlands,1|0|0|0|x|0|3|0|x|x|x|x|x|x|x|x|x,38,1,0,0,0,x,0,3,0,x,x,x,x,x,x,x,x,x,,Keine,x,x,x,x,x,x,x,x,x,x,x,x,x,x,x,x,x,x,,,
129,,,Niger,,,,../images/pictures/flags96/Niger.jpg,Niger,1|0|0|0|x|0|3|0|x|x|x|x|x|x|x|x|x,38,1,0,0,0,x,0,3,0,x,x,x,x,x,x,x,x,x,,Kreis,4,Orange,x,x,x,x,x,x,x,x,x,x,x,x,x,x,x,x,,,
130,,,Nigeria,,,,../images/pictures/flags96/Nigeria.jpg,Nigeria,1|0|0|0|x|1|x|x|x|3|0|x|x|x|x|x|x,20,1,0,0,0,x,1,x,x,x,3,0,x,x,x,x,x,x,,Keine,x,x,x,x,x,x,x,x,x,x,x,x,x,x,x,x,x,x,,,
131,,,Niue,,,,,,1|0|1|0|x|4|x|x|x|x|x|x|x|x|x|x|x,10,1,0,1,0,x,4,x,x,x,x,x,x,x,x,x,x,x,,Union Jack,0,x,x,Stern,0,Gelb,5,x,x,x,x,x,x,x,x,x,x,x,,,
132,,,Nordkorea,,,,../images/pictures/flags96/North_Korea.jpg,North-Korea,1|0|0|0|x|0|5|x|2-1-3-1-2|x|x|x|x|x|x|x|x,3,1,0,0,0,x,0,5,x,2-1-3-1-2,x,x,x,x,x,x,x,x,Blau|Weiß|Rot|Weiß|Blau,Kreis,3,Weiß,x,Stern,3,Rot,1,x,x,x,x,x,x,x,x,x,x,x,,,
133,,,Nordmazedonien,,,,../images/pictures/flags96/Macedonia.jpg,Macedonia,1|0|0|0|x|7|x|x|x|x|x|x|x|x|x|x|5,1,1,0,0,0,x,7,x,x,x,x,x,x,x,x,x,x,5,,Keine,x,x,x,x,x,x,x,x,x,x,x,x,x,x,x,x,x,x,,,
134,,,Nordzypern,,,,,,1|0|0|0|x|0|5|x|1-1-2-1-1|x|x|x|x|x|x|x|x,3,1,0,0,0,x,0,5,x,1-1-2-1-1,x,x,x,x,x,x,x,x,,Stern,4,Rot,1,Mond,3,Rot,x,x,x,x,x,x,x,x,x,x,x,x,,,
135,,,Norwegen,,,,../images/pictures/flags96/Norway.jpg,Norway,1|0|0|x|x|2|x|x|x|x|x|0|2|x|x|x|x,2,1,0,0,x,x,2,x,x,x,x,x,0,2,x,x,x,x,,Keine,x,x,x,x,x,x,x,x,x,x,x,x,x,x,x,x,x,x,,,
136,,,Oman,,,,../images/pictures/flags96/Oman.jpg,Oman,1|0|0|0|x|5|x|x|x|x|x|x|x|x|x|3|x,2,1,0,0,0,x,5,x,x,x,x,x,x,x,x,x,3,x,,Emblem,0,x,x,x,x,x,x,x,x,x,x,x,x,x,x,x,x,x,,,
137,,,Österreich,,,,../images/pictures/flags96/Austria.jpg,Austria,1|0|0|0|x|0|3|0|x|x|x|x|x|x|x|x|x,38,1,0,0,0,x,0,3,0,x,x,x,x,x,x,x,x,x,,Keine,x,x,x,x,x,x,x,x,x,x,x,x,x,x,x,x,x,x,,,
138,,,Osttimor,,,,../images/pictures/flags96/East_Timor.jpg,East_Timor,1|0|0|1|2|4|x|x|x|x|x|x|x|x|x|x|x,1,1,0,0,1,2,4,x,x,x,x,x,x,x,x,x,x,x,,Stern,3,Weiß,1,x,x,x,x,x,x,x,x,x,x,x,x,x,x,x,,,
139,,,Pakistan,,,,../images/pictures/flags96/Pakistan.jpg,Pakistan,1|0|0|0|x|1|x|x|x|2|2|x|x|x|x|x|x,2,1,0,0,0,x,1,x,x,x,2,2,x,x,x,x,x,x,,Mond,5,Weiß,x,Stern,5,Weiß,1,x,x,x,x,x,x,x,x,x,x,x,,,
140,,,Palästina,,,,../images/pictures/flags96/Palestine.jpg,Palestine,1|0|0|1|1|0|3|0|x|x|x|x|x|x|x|x|x,6,1,0,0,1,1,0,3,0,x,x,x,x,x,x,x,x,x,,Keine,x,x,x,x,x,x,x,x,x,x,x,x,x,x,x,x,x,x,,,
141,,,Palau,,,,../images/pictures/flags96/Palau.jpg,Palau,1|0|0|0|x|4|x|x|x|x|x|x|x|x|x|x|x,24,1,0,0,0,x,4,x,x,x,x,x,x,x,x,x,x,x,,Kreis,3,Gelb,x,x,x,x,x,x,x,x,x,x,x,x,x,x,x,x,,,
142,,,Panama,,,,../images/pictures/flags96/Panama.jpg,Panama,1|0|0|x|x|2|x|x|x|x|x|0|3|x|x|x|x,1,1,0,0,x,x,2,x,x,x,x,x,0,3,x,x,x,x,,Stern,9,Blau|Rot,2,x,x,x,x,x,x,x,x,x,x,x,x,x,x,x,,,
143,,,Papua-Neuguinea,,,,../images/pictures/flags96/Papua_New_Guinea.jpg,Papua_New_Guinea,1|0|0|x|x|3|x|x|x|x|x|x|x|1|0|x|x,1,1,0,0,x,x,3,x,x,x,x,x,x,x,1,0,x,x,,Vogel,2,Gelb,x,Stern,6,Weiß,5,x,x,x,x,x,x,x,x,x,x,x,,,
144,,,Paraguay,,,,../images/pictures/flags96/Paraguay.jpg,Paraguay,1|0|0|0|x|0|3|0|x|x|x|x|x|x|x|x|x,38,1,0,0,0,x,0,3,0,x,x,x,x,x,x,x,x,x,,Emblem,4,x,x,x,x,x,x,x,x,x,x,x,x,x,x,x,x,x,,,
145,,,Peru,,,,../images/pictures/flags96/Peru.jpg,Peru,1|0|0|0|x|1|x|x|x|3|0|x|x|x|x|x|x,20,1,0,0,0,x,1,x,x,x,3,0,x,x,x,x,x,x,,Keine,x,x,x,x,x,x,x,x,x,x,x,x,x,x,x,x,x,x,,,
146,,,Philippinen,,,,../images/pictures/flags96/Philippines.jpg,Philippines,1|0|0|1|1|0|2|x|x|x|x|x|x|x|x|x|x,3,1,0,0,1,1,0,2,x,x,x,x,x,x,x,x,x,x,,Stern,3,Gelb,3,Sonne,3,Gelb,x,x,x,x,x,x,x,x,x,x,x,x,,,
147,,,Polen,,,,../images/pictures/flags96/Poland.jpg,Poland,1|0|0|0|x|0|2|x|x|x|x|x|x|x|x|x|x,13,1,0,0,0,x,0,2,x,x,x,x,x,x,x,x,x,x,,Keine,x,x,x,x,x,x,x,x,x,x,x,x,x,x,x,x,x,x,,,
148,,,Portugal,,,,../images/pictures/flags96/Portugal.jpg,Portugal,1|0|0|0|x|1|x|x|x|2|2|x|x|x|x|x|x,2,1,0,0,0,x,1,x,x,x,2,2,x,x,x,x,x,x,,Emblem,3,x,x,x,x,x,x,x,x,x,x,x,x,x,x,x,x,x,,,
149,,,Puerto Rico,,,,../images/pictures/flags96/Puerto_Rico.jpg,Puerto_Rico,1|0|0|1|1|0|5|x|1-1-1-1-1|x|x|x|x|x|x|x|x,2,1,0,0,1,1,0,5,x,1-1-1-1-1,x,x,x,x,x,x,x,x,,Stern,3,Weiß,1,x,x,x,x,x,x,x,x,x,x,x,x,x,x,x,,,
150,,,Republik Kongo,,,,../images/pictures/flags96/Republic_of_the_Congo.jpg,Republic_of_the_Congo,1|0|0|x|x|3|x|x|x|x|x|x|x|0|1|x|x,2,1,0,0,x,x,3,x,x,x,x,x,x,x,0,1,x,x,,Keine,x,x,x,x,x,x,x,x,x,x,x,x,x,x,x,x,x,x,,,
151,,,Ruanda,,,,../images/pictures/flags96/Rwanda.jpg,Rwanda,1|0|0|0|x|0|3|3|x|x|x|x|x|x|x|x|x,3,1,0,0,0,x,0,3,3,x,x,x,x,x,x,x,x,x,,Sonne,0,Gelb,x,x,x,x,x,x,x,x,x,x,x,x,x,x,x,x,,,
152,,,Rumänien,,,,../images/pictures/flags96/Romania.jpg,Romania,1|0|0|0|x|1|x|x|x|3|0|x|x|x|x|x|x,20,1,0,0,0,x,1,x,x,x,3,0,x,x,x,x,x,x,,Keine,x,x,x,x,x,x,x,x,x,x,x,x,x,x,x,x,x,x,,,
153,,,Russland,,,,../images/pictures/flags96/Russia.jpg,Russia,1|0|0|0|x|0|3|0|x|x|x|x|x|x|x|x|x,38,1,0,0,0,x,0,3,0,x,x,x,x,x,x,x,x,x,,Keine,x,x,x,x,x,x,x,x,x,x,x,x,x,x,x,x,x,x,,,
154,,,Salomonen,,,,../images/pictures/flags96/Solomon_Islands.jpg,Solomon_Islands,1|0|0|x|x|3|x|x|x|x|x|x|x|0|1|x|x,2,1,0,0,x,x,3,x,x,x,x,x,x,x,0,1,x,x,,Stern,0,Weiß,5,x,x,x,x,x,x,x,x,x,x,x,x,x,x,x,,,
155,,,Sambia,,,,../images/pictures/flags96/Zambia.jpg,Zambia,1|0|0|0|x|4|x|x|x|x|x|x|x|x|x|x|x,24,1,0,0,0,x,4,x,x,x,x,x,x,x,x,x,x,x,,Muster,8,x,x,Vogel,2,Gelb,x,x,x,x,x,x,x,x,x,x,x,x,,,
156,,,Samoa,,,,../images/pictures/flags96/Samoa.jpg,Samoa,1|0|1|0|x|4|x|x|x|x|x|x|x|x|x|x|x,10,1,0,1,0,x,4,x,x,x,x,x,x,x,x,x,x,x,,Stern,0,Weiß,5,x,x,x,x,x,x,x,x,x,x,x,x,x,x,x,,,
157,,,San Marino,,,,../images/pictures/flags96/San_Marino.jpg,San_Marino,1|0|0|0|x|0|2|x|x|x|x|x|x|x|x|x|x,13,1,0,0,0,x,0,2,x,x,x,x,x,x,x,x,x,x,,Emblem,4,x,x,x,x,x,x,x,x,x,x,x,x,x,x,x,x,x,,,
158,,,São Tomé und Príncipe,,,,../images/pictures/flags96/Sao_Tome_and_Principe.jpg,Sao_Tome_and_Principe,1|0|0|1|1|0|3|1|x|x|x|x|x|x|x|x|x,1,1,0,0,1,1,0,3,1,x,x,x,x,x,x,x,x,x,,Stern,5,Schwarz,2,x,x,x,x,x,x,x,x,x,x,x,x,x,x,x,,,
159,,,Saudi-Arabien,,,,../images/pictures/flags96/Saudi_Arabia.jpg,Saudi_Arabia,1|0|0|0|x|4|x|x|x|x|x|x|x|x|x|x|x,24,1,0,0,0,x,4,x,x,x,x,x,x,x,x,x,x,x,,Schrift,1,Weiß,x,Schwert,1,Weiß,x,x,x,x,x,x,x,x,x,x,x,x,,,
160,,,Schottland,,,,../images/pictures/flags96/Scotland.jpg,Scotland,1|0|0|x|x|2|x|x|x|x|x|1|0|x|x|x|x,3,1,0,0,x,x,2,x,x,x,x,x,1,0,x,x,x,x,,Keine,x,x,x,x,x,x,x,x,x,x,x,x,x,x,x,x,x,x,,,
161,,,Schweden,,,,../images/pictures/flags96/Sweden.jpg,Sweden,1|0|0|x|x|2|x|x|x|x|x|0|0|x|x|x|x,6,1,0,0,x,x,2,x,x,x,x,x,0,0,x,x,x,x,,Keine,x,x,x,x,x,x,x,x,x,x,x,x,x,x,x,x,x,x,,,
162,,,Schweiz,1,,,,,2|0|0|0|x|4|x|x|x|x|x|x|x|x|x|x|x,1,2,0,0,0,x,4,x,x,x,x,x,x,x,x,x,x,x,Rot,Kreuz,4,Weiß,x,x,x,x,x,x,x,x,x,x,x,x,x,x,x,x,,,
163,,,Senegal,,,,../images/pictures/flags96/Senegal.jpg,Senegal,1|0|0|0|x|1|x|x|x|3|0|x|x|x|x|x|x,20,1,0,0,0,x,1,x,x,x,3,0,x,x,x,x,x,x,,Stern,4,Grün,1,x,x,x,x,x,x,x,x,x,x,x,x,x,x,x,,,
164,,,Serbien,,,,../images/pictures/flags96/Serbia.jpg,Serbia,1|0|0|0|x|0|3|0|x|x|x|x|x|x|x|x|x,38,1,0,0,0,x,0,3,0,x,x,x,x,x,x,x,x,x,,Emblem,3,x,x,x,x,x,x,x,x,x,x,x,x,x,x,x,x,x,,,
165,,,Seychellen,1,,,,,1|0|0|x|x|3|x|x|x|x|x|x|x|2|3 (5)|x|x,1,1,0,0,x,x,3,x,x,x,x,x,x,x,2,3 (5),x,x,Blau|Gelb|Rot|Weiß|Grün,Keine,x,x,x,x,x,x,x,x,x,x,x,x,x,x,x,x,x,x,,,
166,,,Sierra Leone,,,,../images/pictures/flags96/Sierra_Leone.jpg,Sierra_Leone,1|0|0|0|x|0|3|0|x|x|x|x|x|x|x|x|x,38,1,0,0,0,x,0,3,0,x,x,x,x,x,x,x,x,x,,Keine,x,x,x,x,x,x,x,x,x,x,x,x,x,x,x,x,x,x,,,
167,,,Simbabwe,,,,../images/pictures/flags96/Zimbabwe.jpg,Zimbabwe,1|0|0|1|2|0|7|x|x|x|x|x|x|x|x|x|x,1,1,0,0,1,2,0,7,x,x,x,x,x,x,x,x,x,x,,Stern,3,Rot,1,Vogel,3,Gelb,x,x,x,x,x,x,x,x,x,x,x,x,,,
168,,,Singapur,,small|4539|1801,,../images/pictures/flags96/Singapore.jpg,Singapore,1|0|0|0|x|0|2|x|x|x|x|x|x|x|x|x|x,13,1,0,0,0,x,0,2,x,x,x,x,x,x,x,x,x,x,Rot|Weiß,Mond,0,Weiß,x,Stern,0,Weiß,5,x,x,x,x,x,x,x,x,x,x,x,,,
169,,,Slowakei,,,,../images/pictures/flags96/Slovakia.jpg,Slovakia,1|0|0|0|x|0|3|0|x|x|x|x|x|x|x|x|x,38,1,0,0,0,x,0,3,0,x,x,x,x,x,x,x,x,x,,Emblem,3,x,x,x,x,x,x,x,x,x,x,x,x,x,x,x,x,x,,,
170,,,Slowenien,,,,../images/pictures/flags96/Slovenia.jpg,Slovenia,1|0|0|0|x|0|3|0|x|x|x|x|x|x|x|x|x,38,1,0,0,0,x,0,3,0,x,x,x,x,x,x,x,x,x,,Emblem,0,x,x,x,x,x,x,x,x,x,x,x,x,x,x,x,x,x,,,
171,,,Somalia,,,,../images/pictures/flags96/Somalia.jpg,Somalia,1|0|0|0|x|4|x|x|x|x|x|x|x|x|x|x|x,24,1,0,0,0,x,4,x,x,x,x,x,x,x,x,x,x,x,Hellblau,Stern,4,Weiß,1,x,x,x,x,x,x,x,x,x,x,x,x,x,x,x,,,
172,,,Somaliland,,,,,,1|0|0|0|x|0|3|0|x|x|x|x|x|x|x|x|x,38,1,0,0,0,x,0,3,0,x,x,x,x,x,x,x,x,x,,Stern,4,Schwarz,1,Schrift,1,Weiß,x,x,x,x,x,x,x,x,x,x,x,x,,,
173,,,Spanien,,,,../images/pictures/flags96/Spain.jpg,Spain,1|0|0|0|x|0|3|1|x|x|x|x|x|x|x|x|x,8,1,0,0,0,x,0,3,1,x,x,x,x,x,x,x,x,x,,Emblem,3,x,x,x,x,x,x,x,x,x,x,x,x,x,x,x,x,x,,,
174,,,Sri Lanka,,,,../images/pictures/flags96/Sri_Lanka.jpg,Sri_Lanka,1|1|0|0|x|1|x|x|x|4|2|x|x|x|x|x|x,1,1,1,0,0,x,1,x,x,x,4,2,x,x,x,x,x,x,,Löwe,5,Gelb,x,Blatt,9,Gelb,4,x,x,x,x,x,x,x,x,x,x,Gelb,,,
175,,,St. Kitts und Nevis,,,,../images/pictures/flags96/Saint_Kitts_and_Nevis.jpg,Saint_Kitts_and_Nevis,1|0|0|x|x|3|x|x|x|x|x|x|x|0|3|x|x,4,1,0,0,x,x,3,x,x,x,x,x,x,x,0,3,x,x,,Stern,9,Weiß,2,x,x,x,x,x,x,x,x,x,x,x,x,x,x,x,,,
176,,,St. Lucia,,,,../images/pictures/flags96/Saint_Lucia.jpg,Saint_Lucia,1|0|0|0|x|4|x|x|x|x|x|x|x|x|x|x|x,24,1,0,0,0,x,4,x,x,x,x,x,x,x,x,x,x,x,,Emblem,4,Weiß|Schwarz|Gelb,x,x,x,x,x,x,x,x,x,x,x,x,x,x,x,x,,,
177,,,St. Vincent und die Grenadinen,,,,../images/pictures/flags96/Saint_Vincent_and_the_Grenadines.jpg,Saint_Vincent_and_the_Grenadines,1|0|0|0|x|1|x|x|x|3|1|x|x|x|x|x|x,2,1,0,0,0,x,1,x,x,x,3,1,x,x,x,x,x,x,,Emblem,4,Grün,x,x,x,x,x,x,x,x,x,x,x,x,x,x,x,x,,,
178,,,Südafrika,,,,../images/pictures/flags96/South_Africa.jpg,South_Africa,1|0|0|4|4|0|2|x|x|x|x|x|x|x|x|x|x,1,1,0,0,4,4,0,2,x,x,x,x,x,x,x,x,x,x,,Keine,x,x,x,x,x,x,x,x,x,x,x,x,x,x,x,x,x,x,,,
179,,,Sudan,,,,../images/pictures/flags96/Sudan.jpg,Sudan,1|0|0|1|1|0|3|0|x|x|x|x|x|x|x|x|x,6,1,0,0,1,1,0,3,0,x,x,x,x,x,x,x,x,x,,Keine,x,x,x,x,x,x,x,x,x,x,x,x,x,x,x,x,x,x,,,
180,,,Südkorea,,,,../images/pictures/flags96/South_Korea.jpg,South_Korea,1|0|0|0|x|4|x|x|x|x|x|x|x|x|x|x|x,24,1,0,0,0,x,4,x,x,x,x,x,x,x,x,x,x,x,,Kreis,4,Rot|Blau,x,Emblem,9,Schwarz,x,x,x,x,x,x,x,x,x,x,x,x,,,
181,,,Südossetien,,,,,,1|0|0|0|x|0|3|0|x|x|x|x|x|x|x|x|x,38,1,0,0,0,x,0,3,0,x,x,x,x,x,x,x,x,x,,Keine,x,x,x,x,x,x,x,x,x,x,x,x,x,x,x,x,x,x,,,
182,,,Südsudan,,,,../images/pictures/flags96/South_Sudan.jpg,South_Sudan,1|0|0|1|1|0|5|x|2-1-2-1-2|x|x|x|x|x|x|x|x,1,1,0,0,1,1,0,5,x,2-1-2-1-2,x,x,x,x,x,x,x,x,,Stern,3,Gelb,1,x,x,x,x,x,x,x,x,x,x,x,x,x,x,x,,,
183,,,Suriname,,,,../images/pictures/flags96/Suriname.jpg,Suriname,1|0|0|0|x|0|5|x|2-1-3-1-2|x|x|x|x|x|x|x|x,3,1,0,0,0,x,0,5,x,2-1-3-1-2,x,x,x,x,x,x,x,x,,Stern,4,Gelb,1,x,x,x,x,x,x,x,x,x,x,x,x,x,x,x,,,
184,,,Syrien,,,,../images/pictures/flags96/Syria.jpg,Syria,1|0|0|0|x|0|3|0|x|x|x|x|x|x|x|x|x,38,1,0,0,0,x,0,3,0,x,x,x,x,x,x,x,x,x,,Stern,9,Grün,2,x,x,x,x,x,x,x,x,x,x,x,x,x,x,x,,,
185,,,Tadschikistan,,,,../images/pictures/flags96/Tajikistan.jpg,Tajikistan,1|0|0|0|x|0|3|1|x|x|x|x|x|x|x|x|x,8,1,0,0,0,x,0,3,1,x,x,x,x,x,x,x,x,x,,Krone,4,Gelb,x,Stern,4,Gelb,7,x,x,x,x,x,x,x,x,x,x,x,,,
186,,,Taiwan,,,,../images/pictures/flags96/Taiwan.jpg,Taiwan,1|0|1|0|x|4|x|x|x|x|x|x|x|x|x|x|x,10,1,0,1,0,x,4,x,x,x,x,x,x,x,x,x,x,x,,Sonne,0,Weiß,x,x,x,x,x,x,x,x,x,x,x,x,x,x,x,x,,,
187,,,Tansania,,,,../images/pictures/flags96/Tanzania.jpg,Tanzania,1|0|0|x|x|3|x|x|x|x|x|x|x|0|3|x|x,4,1,0,0,x,x,3,x,x,x,x,x,x,x,0,3,x,x,,Keine,x,x,x,x,x,x,x,x,x,x,x,x,x,x,x,x,x,x,,,
188,,,Thailand,,,,../images/pictures/flags96/Thailand.jpg,Thailand,1|0|0|0|x|0|5|x|1-1-2-1-1|x|x|x|x|x|x|x|x,3,1,0,0,0,x,0,5,x,1-1-2-1-1,x,x,x,x,x,x,x,x,,Keine,x,x,x,x,x,x,x,x,x,x,x,x,x,x,x,x,x,x,,,
189,,,Togo,,,,../images/pictures/flags96/Togo.jpg,Togo,1|0|1|0|x|0|5|x|1-1-1-1-1|x|x|x|x|x|x|x|x,1,1,0,1,0,x,0,5,x,1-1-1-1-1,x,x,x,x,x,x,x,x,,Stern,0,Weiß,1,x,x,x,x,x,x,x,x,x,x,x,x,x,x,x,,,
190,,,Tonga,,,,../images/pictures/flags96/Tonga.jpg,Tonga,1|0|1|0|x|4|x|x|x|x|x|x|x|x|x|x|x,10,1,0,1,0,x,4,x,x,x,x,x,x,x,x,x,x,x,,Kreuz,0,Rot,x,x,x,x,x,x,x,x,x,x,x,x,x,x,x,x,,,
191,,,Transnistrien,,,,,,1|0|0|0|x|0|3|2|x|x|x|x|x|x|x|x|x,3,1,0,0,0,x,0,3,2,x,x,x,x,x,x,x,x,x,,Emblem,0,x,x,x,x,x,x,x,x,x,x,x,x,x,x,x,x,x,,,
192,,,Trinidad und Tobago,1,middle small|1799|1608,,,,1|0|0|x|x|3|x|x|x|x|x|x|x|1|3|x|x,1,1,0,0,x,x,3,x,x,x,x,x,x,x,1,3,x,x,Rot|Weiß|Schwarz|Weiß|Rot,Keine,x,x,x,x,x,x,x,x,x,x,x,x,x,x,x,x,x,x,,,
193,,,Tschad,,,,../images/pictures/flags96/Chad.jpg,Chad,1|0|0|0|x|1|x|x|x|3|0|x|x|x|x|x|x,20,1,0,0,0,x,1,x,x,x,3,0,x,x,x,x,x,x,,Keine,x,x,x,x,x,x,x,x,x,x,x,x,x,x,x,x,x,x,,,
194,,,Tschechien,,,,../images/pictures/flags96/Czech_Republic.jpg,Czech-Republic,1|0|0|1|1|0|2|x|x|x|x|x|x|x|x|x|x,3,1,0,0,1,1,0,2,x,x,x,x,x,x,x,x,x,x,Weiß|Rot|Blau,Keine,x,x,x,x,x,x,x,x,x,x,x,x,x,x,x,x,x,x,,,
195,,,Tunesien,,,,../images/pictures/flags96/Tunisia.jpg,Tunisia,1|0|0|0|x|4|x|x|x|x|x|x|x|x|x|x|x,24,1,0,0,0,x,4,x,x,x,x,x,x,x,x,x,x,x,Rot,Kreis,4,Weiß,x,Mond,4,Rot,x,Stern,4,Rot,1,x,x,x,x,x,x,x,,,
196,,,Türkei,,,,../images/pictures/flags96/Turkey.jpg,Turkey,1|0|0|0|x|4|x|x|x|x|x|x|x|x|x|x|x,24,1,0,0,0,x,4,x,x,x,x,x,x,x,x,x,x,x,,Mond,3,Weiß,x,Stern,4,Weiß,1,x,x,x,x,x,x,x,x,x,x,x,,,
197,,,Turkmenistan,,,,../images/pictures/flags96/Turkmenistan.jpg,Turkmenistan,1|0|0|0|x|4|x|x|x|x|x|x|x|x|x|x|x,24,1,0,0,0,x,4,x,x,x,x,x,x,x,x,x,x,x,,Muster,3,x,x,Mond,1,Weiß,x,Stern,1,Weiß,5,x,x,x,x,x,x,x,,,
198,,,Tuvalu,,,,../images/pictures/flags96/Tuvalu.jpg,Tuvalu,1|0|1|0|x|4|x|x|x|x|x|x|x|x|x|x|x,10,1,0,1,0,x,4,x,x,x,x,x,x,x,x,x,x,x,,Union Jack,0,x,x,Stern,9,Gelb,9,x,x,x,x,x,x,x,x,x,x,x,,,
199,,,Uganda,1,,,,,1|0|0|0|x|0|6|x|x|x|x|x|x|x|x|x|x,1,1,0,0,0,x,0,6,x,x,x,x,x,x,x,x,x,x,Schwarz|Gelb|Rot|Schwarz|Gelb|Rot,Kreis,4,Weiß,x,Vogel,4,x,x,x,x,x,x,x,x,x,x,x,x,x,,,
200,,,Ukraine,,,,../images/pictures/flags96/Ukraine.jpg,Ukraine,1|0|0|0|x|0|2|x|x|x|x|x|x|x|x|x|x,13,1,0,0,0,x,0,2,x,x,x,x,x,x,x,x,x,x,,Keine,x,x,x,x,x,x,x,x,x,x,x,x,x,x,x,x,x,x,,,
201,,,Ungarn,,,,../images/pictures/flags96/Hungary.jpg,Hungary,1|0|0|0|x|0|3|0|x|x|x|x|x|x|x|x|x,38,1,0,0,0,x,0,3,0,x,x,x,x,x,x,x,x,x,,Keine,x,x,x,x,x,x,x,x,x,x,x,x,x,x,x,x,x,x,,,
202,,,Uruguay,1,,,,,1|0|1|0|x|0|9|x|x|x|x|x|x|x|x|x|x,2,1,0,1,0,x,0,9,x,x,x,x,x,x,x,x,x,x,Blau|Weiß,Sonne,0,Gelb,x,x,x,x,x,x,x,x,x,x,x,x,x,x,x,x,,,
203,,,Usbekistan,1,,,,,1|0|0|0|x|0|5|x|2-1-2-1-2|x|x|x|x|x|x|x|x,2,1,0,0,0,x,0,5,x,2-1-2-1-2,x,x,x,x,x,x,x,x,Hellblau|Rot|Weiß|Rot|Hellblau,Mond,0,Weiß,x,Stern,0,Weiß,12,x,x,x,x,x,x,x,x,x,x,x,,,
204,,,Vanuatu,1,,,,,1|0|0|4|2|0|2|x|x|x|x|x|x|x|x|x|x,1,1,0,0,4,2,0,2,x,x,x,x,x,x,x,x,x,x,Rot|Grün,Emblem,3,Gelb,x,x,x,x,x,x,x,x,x,x,x,x,x,x,Schwarz|Gelb,x,,,
205,,,Vatikanstadt,1,middle small|3013|980,,,,2|0|0|0|x|1|x|x|x|2|0|x|x|x|x|x|x,1,2,0,0,0,x,1,x,x,x,2,0,x,x,x,x,x,x,Gelb|Weiß,Emblem,5,x,x,x,x,x,x,x,x,x,x,x,x,x,x,x,x,x,,,
206,,,Venezuela,1,,,,,1|0|0|0|x|0|3|0|x|x|x|x|x|x|x|x|x,38,1,0,0,0,x,0,3,0,x,x,x,x,x,x,x,x,x,Gelb|Blau|Rot,Stern,4,Weiß,8,x,x,x,x,x,x,x,x,x,x,x,x,x,x,x,,,
207,,,Vereinigte Arabische Emirate,1,,,,,1|0|0|0|x|5|x|x|x|x|x|x|x|x|x|3|x,2,1,0,0,0,x,5,x,x,x,x,x,x,x,x,x,3,x,Rot|Grün|Weiß|Schwarz,Keine,x,x,x,x,x,x,x,x,x,x,x,x,x,x,x,x,x,x,,,
208,,,Vereinigte Staaten,,,,../images/pictures/flags96/United_States.jpg,United_States,1|0|1|0|x|0|13|x|x|x|x|x|x|x|x|x|x,1,1,0,1,0,x,0,13,x,x,x,x,x,x,x,x,x,x,,Stern,0,Weiß,50,x,x,x,x,x,x,x,x,x,x,x,x,x,x,x,,,
209,,,Vereinigtes Königreich,,,,../images/pictures/flags96/United_Kingdom.jpg,United_Kingdom,1|0|0|x|x|2|x|x|x|x|x|2|2|x|x|x|x,1,1,0,0,x,x,2,x,x,x,x,x,2,2,x,x,x,x,,Keine,x,x,x,x,x,x,x,x,x,x,x,x,x,x,x,x,x,x,,,
210,,,Vietnam,,,,../images/pictures/flags96/Vietnam.jpg,Vietnam,1|0|0|0|x|4|x|x|x|x|x|x|x|x|x|x|x,24,1,0,0,0,x,4,x,x,x,x,x,x,x,x,x,x,x,,Stern,4,Gelb,1,x,x,x,x,x,x,x,x,x,x,x,x,x,x,x,,,
211,,,Wales,,,,../images/pictures/flags96/Wales.jpg,Wales,1|0|0|0|x|0|2|x|x|x|x|x|x|x|x|x|x,13,1,0,0,0,x,0,2,x,x,x,x,x,x,x,x,x,x,,Drache,4,Rot,x,x,x,x,x,x,x,x,x,x,x,x,x,x,x,x,,,
212,,,Westsahara,,,,,,1|0|0|1|1|0|3|0|x|x|x|x|x|x|x|x|x,6,1,0,0,1,1,0,3,0,x,x,x,x,x,x,x,x,x,,Mond,4,Rot,x,Stern,4,Rot,1,x,x,x,x,x,x,x,x,x,x,x,,,
213,,,Zentralafrikanische Republik,,,,../images/pictures/flags96/Central_African_Republic.jpg,Central_African_Republic,1|0|0|0|x|7|x|x|x|x|x|x|x|x|x|x|3,1,1,0,0,0,x,7,x,x,x,x,x,x,x,x,x,x,3,,Stern,0,Gelb,1,x,x,x,x,x,x,x,x,x,x,x,x,x,x,x,,,
214,,,Zypern,,,,../images/pictures/flags96/Cyprus.jpg,Cyprus,1|0|0|0|x|4|x|x|x|x|x|x|x|x|x|x|x,24,1,0,0,0,x,4,x,x,x,x,x,x,x,x,x,x,x,,Zweig,7,Grün,x,Landumriss,1,Gelb,x,x,x,x,x,x,x,x,x,x,x,x,,,